name,phone,email,password
Amit Bhardwaj1,9876543211,driver1@gmail.com,driver1
Amit Bhardwaj2,9876543212,driver2@gmail.com,driver2
Amit Bhardwaj3,9876543213,driver3@gmail.com,driver3
Amit Bhardwaj4,9876543214,driver4@gmail.com,driver4
Amit Bhardwaj5,9876543215,driver6@gmail.com,driver5
Amit Bhardwaj6,9876543216,driver5@gmail.com,driver6
Amit Bhardwaj7,9876543217,driver7@gmail.com,driver7
Amit Bhardwaj8,9876543218,driver8@gmail.com,driver8
Amit BhaABXrdwaj8,9876543218,driver8xs@gmail.com,driver8
a,1234567897,abc@gmail.com,driver9
